seller_id,orders,average_rating,negative_rate,one_star_rate,delivery_orders,avg_delivery_days,avg_delay_days,late_rate
001cca7ae9ae17fb1caed9dfb1094831,200,3.902542372881356,19.06779661016949,14.40677966101695,195,13.405804902659069,-12.225614078822412,6.666666666666667
002100f778ceb8431b7a1020ff7ab48f,51,3.982142857142857,14.285714285714285,12.5,50,16.386808796296297,-7.389838425925927,18.0
004c9cd9d87a3c30c522c48c4fc07416,158,4.132947976878612,13.872832369942195,8.092485549132949,156,14.811330202397912,-11.063156531932574,8.333333333333332
00ee68308b45bc5e2660cd833c3f81cc,135,4.3313953488372094,9.883720930232558,7.55813953488372,135,9.61941718106996,-10.066531121399178,8.88888888888889
00fc707aaaad2d31347cf883cd2dfe10,103,3.7375886524822697,25.53191489361702,17.02127659574468,103,15.109577714850774,-14.833631000539373,4.854368932038835
01cf7e3d21494c41fb86034f2e714fa1,61,4.212121212121212,10.606060606060606,10.606060606060606,59,11.786124646892656,-14.493196406151915,5.084745762711865
01fdefa7697d26ad920e9e0346d4bd1b,129,4.346153846153846,6.153846153846154,6.153846153846154,128,10.729679723668982,-13.005218460648148,6.25
0241d4d5d36f10f80c644447315af0bd,238,4.278225806451613,12.5,8.46774193548387,238,11.004127859477125,-12.289720374260815,5.88235294117647
04308b1ee57b6625f47df1d56f00eedf,94,3.882978723404255,21.27659574468085,18.085106382978726,92,18.87600291867955,-10.881928844605476,11.956521739130435
0432ead42b6c8a0bdf68154add917fdf,85,4.477777777777778,8.88888888888889,7.777777777777778,82,8.89543289859982,-12.485699525745257,3.6585365853658534
048c2757535328e0d7dac690ad3c0aae,51,4.18,16.0,10.0,50,18.514625925925927,-9.286541203703704,14.000000000000002
0509040ea3fe50071181bbc359eb7738,89,4.5,1.0416666666666665,1.0416666666666665,87,11.611956550659855,-9.959831976372925,6.896551724137931
056b4ada5bbc2c50cc7842547dda6b51,65,4.123076923076923,15.384615384615385,13.846153846153847,64,12.779225983796296,-11.708633355034722,10.9375
058fd0aa2bfdb2274e05e1ae971dabb6,61,4.384615384615385,9.230769230769232,7.6923076923076925,60,10.141677469135802,-11.245855516975308,6.666666666666667
05d2173d43ea568aa0540eba70d2ca76,62,4.0,17.1875,12.5,62,15.022058878434887,-10.928309251792117,6.451612903225806
05f51e13da97139648b8125c31e5f51b,60,4.095238095238095,17.46031746031746,17.46031746031746,57,12.507035209551658,-9.064117730669265,15.789473684210526
05ff92fedb5be47920fea08e501238b9,59,4.171875,6.25,6.25,57,12.3373714668616,-17.09200881254061,5.263157894736842
062ce95fa2ad4dfaedfc79260130565f,55,3.966666666666667,13.333333333333334,13.333333333333334,54,13.504861754115225,-12.55610853909465,3.7037037037037033
06579cb253ecd5a3a12a9e6eb6bf8f47,62,3.763888888888889,25.0,20.833333333333336,61,9.941688107164541,-9.162210458409229,13.114754098360656
066a6914e1ebf3ea95a216c73a986b91,68,3.9726027397260273,15.068493150684931,8.21917808219178,66,13.309240495230078,-16.52405636223345,3.0303030303030303
06a2c3af7b3aee5d69171b0e14f0ee87,392,4.00250626566416,16.290726817042607,13.533834586466165,389,17.728175551033036,-10.657199579881938,23.13624678663239
06e5eefc71ec47ae763c5c6f8db7064f,92,3.903225806451613,16.129032258064516,11.827956989247312,90,10.933133744855967,-15.983813014403292,2.2222222222222223
080102cd0a76b09e0dcf55fcacc60e05,124,4.492307692307692,4.615384615384616,4.615384615384616,122,9.905664750303583,-11.112329804189436,4.098360655737705
080199a181c46c657dc5aa235411be3b,79,4.609756097560975,1.2195121951219512,1.2195121951219512,79,8.087146917487107,-8.892990359821848,2.5316455696202533
08633c14ef2db992c11f840f04fad4cd,74,4.237113402061856,11.34020618556701,6.185567010309279,74,9.956255943443443,-10.187189846096095,6.756756756756757
09f952a5f58d2285b0372551ae8f9b01,50,3.875,16.071428571428573,12.5,50,13.292202777777778,-11.07747314814815,6.0
0adac9fbd9a2b63cccaac4f8756c1ca8,110,3.887323943661972,14.084507042253522,11.971830985915492,106,13.070889565863032,-10.229222353249476,6.60377358490566
0b35c634521043bf4b47e21547b99ab5,51,3.4935064935064934,25.97402597402597,18.181818181818183,50,19.267996064814817,-11.949300231481482,16.0
0b90b6df587eb83608a64ea8b390cf07,164,4.0,17.674418604651162,14.418604651162791,163,14.456224863667348,-17.716007796523517,3.6809815950920246
0bae85eb84b9fb3bd773911e89288d54,137,4.205479452054795,8.21917808219178,6.164383561643835,136,10.279241813044663,-14.44342933006536,0.7352941176470588
0be8ff43f22e456b4e0371b2245e4d01,161,3.8944444444444444,20.0,15.0,156,10.396858455009497,-11.02065111585945,6.41025641025641
0c7533c71df861ec58ad7ff999ed0e8d,61,4.04054054054054,17.56756756756757,14.864864864864865,61,10.811724537037039,-9.40291875379478,4.918032786885246
0c8380b62e38e8a1e6adbeba7eb9688c,182,4.040909090909091,15.0,9.545454545454547,180,12.980510288065846,-11.250096386316873,5.555555555555555
0d85bbda9889ce1f7e63778d24f346eb,51,4.211538461538462,11.538461538461538,9.615384615384617,51,15.828296114742193,-10.91588598402324,11.76470588235294
0db783cfcd3b73998abc6e10e59a102f,132,4.213235294117647,12.5,7.352941176470589,132,11.615984322390574,-12.430169226992145,3.787878787878788
0dd184061fb0eaa7ca37932c68ab91c5,161,3.953125,15.104166666666666,13.020833333333334,161,11.830896882907751,-9.788533543248217,11.801242236024844
0df3984f9dfb3d49ac6366acbd3bbb85,87,4.303370786516854,11.235955056179774,11.235955056179774,86,9.545799956933678,-14.1242923664944,1.1627906976744187
0ea22c1cfbdc755f86b9b54b39c16043,237,4.333333333333333,8.058608058608058,6.593406593406594,234,11.029134318613485,-16.221681851456157,1.7094017094017095
1025f0e2d44d7041d6cf58b6550e0bfa,915,3.8497554157931515,20.545073375262053,16.42208245981831,910,12.391189814814814,-10.18234918091168,10.10989010989011
1127b7f2594683f2510f1c2c834a486b,114,4.097744360902255,18.045112781954884,10.526315789473683,110,9.352086279461279,-10.51401978114478,2.727272727272727
116ccb1a1604bc88e4d234a8c23f33de,61,4.602739726027397,4.10958904109589,4.10958904109589,61,9.04657786885246,-9.518174332119004,6.557377049180328
11bfa66332777660bd0640ee84d47006,76,3.7766990291262137,27.184466019417474,18.446601941747574,76,16.52767665692008,-8.354531402290448,15.789473684210526
128639473a139ac0f3e5f5ade55873a5,533,4.176895306859206,11.552346570397113,7.9422382671480145,527,14.34180035051655,-11.522904719235365,6.261859582542694
12b9676b00f60f3b700e83af21824c0e,135,4.511111111111111,5.185185185185185,2.9629629629629632,133,15.053846247563353,-20.567278613199665,1.5037593984962405
1336efc61c316ddf92c899eb817f7cae,74,3.9411764705882355,16.470588235294116,12.941176470588237,74,11.731673235735736,-10.937485454204204,9.45945945945946
1554a68530182680ad5c8b042c3ab563,247,4.2481481481481485,12.222222222222221,10.37037037037037,246,14.212455632716049,-13.206829691734416,6.910569105691057
16090f2ca825584b5a147ab24aa30c86,402,4.044226044226044,14.496314496314497,10.565110565110565,398,9.184934510515541,-8.980279231807184,10.804020100502512
165fc07beebdcb6190fba8a06db2a449,50,3.6875,26.5625,20.3125,50,12.976118981481482,-10.746649074074073,12.0
17a053fcb14bd219540cbde0df490be0,125,4.20945945945946,11.486486486486488,10.135135135135135,124,12.275743820937873,-9.372935334528076,8.064516129032258
17ca9b9e9b9ef8fdb529001b49ebb50f,116,4.015384615384615,15.384615384615385,9.230769230769232,115,8.242504428341384,-13.40370269726248,2.608695652173913
17e34d8224d27a541263c4c64b11a56b,255,4.139097744360902,13.909774436090224,11.654135338345863,247,14.273879142300196,-9.862153012070776,8.502024291497975
17f51e7198701186712e53a39c564617,56,4.344262295081967,8.19672131147541,4.918032786885246,56,23.242452256944443,-11.171850198412699,8.928571428571429
1835b56ce799e6a4dc4eddc053f04066,423,3.5938628158844765,25.812274368231048,21.841155234657037,417,13.234922922772892,-9.62402713939959,11.750599520383693
1838dd9b8977065acf51d95e0053ea7a,64,4.2388059701492535,14.925373134328357,11.940298507462686,62,12.791684961170848,-10.286911402329748,4.838709677419355
18a349e75d307f4b4cc646a691ed4216,121,3.3945578231292517,33.33333333333333,27.89115646258503,109,11.15451558783554,-13.83158203788651,6.422018348623854
1900267e848ceeba8fa32d80c1a5f5a8,411,3.854961832061069,19.65648854961832,15.458015267175574,406,13.152182482667397,-9.409087444125161,10.344827586206897
1a3df491d1c4f1589fc2b934ada68bf2,167,4.161111111111111,11.11111111111111,5.0,160,14.842359664351852,-12.391423032407406,5.625
1b4c3a6f53068f0b6944d2d005c9fc89,113,4.111111111111111,13.675213675213676,11.11111111111111,111,14.552420754087422,-12.091396604938272,6.306306306306306
1b8356dabde1d35e17cef975c3f82730,56,4.081967213114754,11.475409836065573,8.19672131147541,55,10.540133417508416,-13.201664983164983,1.8181818181818181
1bb2bdb95f4841f1bba2c0d2cd83d3c9,81,4.588235294117647,4.705882352941177,4.705882352941177,79,12.408010431317393,-12.600108122362869,7.59493670886076
1c129092bf23f28a5930387c980c0dfc,201,4.168949771689498,12.785388127853881,7.76255707762557,200,11.750663194444444,-9.343424131944445,5.5
1c68394e931a64f90ea236c5ea590300,142,3.943820224719101,15.168539325842698,12.359550561797752,142,16.050927800599897,-14.60207241131977,3.5211267605633805
1ca7077d890b907f89be8c954a02686a,115,2.198529411764706,65.44117647058823,58.82352941176471,108,15.536053990912208,-5.961805662722908,22.22222222222222
1d8dbc4f32378d715c717c1c1fc57bae,92,3.8958333333333335,18.75,13.541666666666666,91,15.573892704517705,-10.861656618844119,9.89010989010989
1da3aeb70d7989d1e6d9b0e887f97c23,265,4.073170731707317,15.853658536585366,12.5,261,8.604649673619981,-10.665790008159501,5.747126436781609
1e8b33f18b4f7598d87f5cbee2282cc2,123,4.282608695652174,14.492753623188406,10.869565217391305,122,7.837611376745598,-10.188898660443229,4.918032786885246
1eade46fba20122dc4aefb379f8c636b,58,4.306666666666667,9.333333333333334,6.666666666666667,58,12.37374361430396,-7.006488864942528,13.793103448275861
1f50f920176fa81dab994f9023523100,1404,3.9824016563147,18.16770186335404,14.596273291925465,1399,15.809259557091044,-9.634086235538613,10.578984989278057
1f9ab4708f3056ede07124aad39a2554,78,4.089743589743589,7.6923076923076925,3.8461538461538463,76,14.516997593810917,-12.733447703460039,5.263157894736842
2138ccb85b11a4ec1e37afbd1c8eda1f,396,3.8997668997668997,17.94871794871795,15.61771561771562,388,11.346546511072928,-11.954930167764413,5.412371134020619
213b25e6f54661939f11710a6fddb871,155,3.7916666666666665,20.833333333333336,15.104166666666666,152,15.236320586622806,-10.817642467714425,8.552631578947368
218d46b86c1881d022bce9c68a7d4b15,388,4.142857142857143,13.114754098360656,11.7096018735363,382,13.898833987783597,-10.818113244134187,9.424083769633508
229c3efbfb0ea2058de4ccdfbc3d784a,121,3.643835616438356,25.34246575342466,21.232876712328768,118,10.759132140615192,-11.954225223634651,1.694915254237288
23613d49c3ac2bd302259e55c06c050c,70,3.6582278481012658,29.11392405063291,20.253164556962027,69,13.97690838030059,-10.35792270531401,14.492753623188406
23d7c96d4a1160db1c726b248601b25a,53,3.811320754716981,18.867924528301888,11.320754716981133,50,13.130946064814816,-10.26334699074074,12.0
2528513dd95219a6013d4d05176e391a,161,3.9451219512195124,17.682926829268293,14.634146341463413,160,10.650047815393519,-11.595177445023149,5.0
259f7b5e6e482c230e5bfaa670b6bb8f,138,4.206060606060606,14.545454545454545,11.515151515151516,136,8.735859630310458,-12.741610243055556,2.2058823529411766
25c5c91f63607446a97b143d2d535d31,158,3.7032967032967035,22.71062271062271,18.681318681318682,156,14.471779736467237,-11.147756558641975,7.051282051282051
25cf099de44674fde97473224f9d59ab,50,4.326530612244898,10.204081632653061,4.081632653061225,50,9.392387962962964,-12.233253009259261,4.0
25e6ffe976bd75618accfe16cefcbd0d,108,4.384615384615385,9.401709401709402,7.6923076923076925,106,10.152859997379455,-12.900293937805731,5.660377358490567
282f23a9769b2690c5dda22e316f9941,99,4.3,4.545454545454546,3.6363636363636362,98,11.22246019935752,-10.395335175736962,5.1020408163265305
289cdb325fb7e7f891c38608bf9e0962,110,4.579365079365079,4.761904761904762,3.968253968253968,109,6.728997196738023,-9.661951771151886,1.834862385321101
2a1348e9addc1af5aaa619b1a3679d6b,52,3.0,40.74074074074074,38.88888888888889,48,27.313096788194443,1.6164293981481486,27.083333333333332
2a261b5b644fa05f4f2700eb93544f2c,51,3.3373493975903616,36.144578313253014,34.93975903614458,51,14.071188725490197,-8.953562545388525,19.607843137254903
2a7dc43cecabf23403078e2188437d1d,52,4.092592592592593,11.11111111111111,9.25925925925926,52,13.144261485042735,-9.295263977920227,7.6923076923076925
2a84855fd20af891be03bc5924d2b453,164,4.233532934131737,11.377245508982035,9.580838323353294,155,8.584483497610513,-11.728997535842293,3.225806451612903
2b3e4a2a3ea8e01938cabda2a3e5cc79,52,4.388888888888889,7.4074074074074066,7.4074074074074066,52,8.775291800213676,-11.204939903846155,0.0
2c9e548be18521d1c43cde1c582c6de8,126,3.9239766081871346,19.883040935672515,17.543859649122805,124,13.678749999999999,-5.926114377986858,16.129032258064516
2dee2ce60de9709b1a24083217181a1f,54,4.363636363636363,7.2727272727272725,5.454545454545454,54,14.143901963305897,-16.777850222908093,1.8518518518518516
2e1c9f22be269ef4643f826c9e650a52,167,4.16374269005848,12.865497076023392,11.11111111111111,161,9.822513011847251,-9.703274672187716,6.832298136645963
2e90cb1677d35cfe24eef47d441b7c87,127,4.036496350364963,16.78832116788321,13.86861313868613,127,12.454366980169146,-9.69025936862059,13.385826771653544
2eb70248d66e0e3ef83659f71b244378,202,2.712918660287081,50.23923444976076,38.75598086124402,187,18.013339027530204,-9.339107929788076,13.903743315508022
2ff97219cb8622eaf3cd89b7d9c09824,89,4.541666666666667,3.125,2.083333333333333,87,8.974518545125585,-8.835827745849297,5.747126436781609
3078096983cf766a32a06257648502d1,59,4.203125,14.0625,10.9375,56,12.067960276124339,-11.783672701719578,5.357142857142857
30a2f535bb48308f991d0b9ad4a8c4bb,71,4.261363636363637,13.636363636363635,12.5,71,8.210501597548252,-12.47453980829421,2.8169014084507045
318f287a62ab7ac10b703ac37435a231,52,3.870967741935484,20.967741935483872,16.129032258064516,51,11.519044798474946,-9.191610838779956,9.803921568627452
33a6f4b1e7cdc205511e76ba1b6e0186,105,4.357142857142857,10.317460317460316,7.936507936507936,105,8.50247299382716,-12.361712852733687,1.9047619047619049
34056b8b55c1775a22af2331670a799c,78,4.0,15.384615384615385,11.538461538461538,77,12.927642496392497,-10.19920695045695,11.688311688311687
3504c0cb71d7fa48d967e0e4c94d59d9,53,4.415094339622642,3.7735849056603774,1.8867924528301887,53,7.327788478336827,-10.038098139412998,0.0
36a968b544695394e4e9d7572688598f,154,3.638036809815951,24.539877300613497,20.245398773006134,148,10.72730394456957,-11.760874155405405,4.72972972972973
37515688008a7a40ac93e3b2e4ab203f,228,4.084033613445378,10.92436974789916,6.722689075630252,227,15.226597936041768,-7.221802343367597,10.13215859030837
376a891762bbdecbc02b4b6adec3fdda,57,4.672413793103448,1.7241379310344827,1.7241379310344827,57,12.221382594217024,-14.426882512995451,3.508771929824561
37be5a7c751166fbc5f8ccba4119e043,272,4.301418439716312,9.574468085106384,5.673758865248227,269,10.649036512116204,-12.758714417251825,2.6022304832713754
391fc6631aebcf3004804e51b40bcf1e,526,3.9533762057877815,16.559485530546624,12.057877813504824,521,14.415952139759721,-10.721452090886471,10.36468330134357
3b15288545f8928d3e65a8f949a28291,104,3.8536585365853657,18.69918699186992,17.073170731707318,101,14.45947733314998,-10.739406628162815,6.9306930693069315
3bdff180c7e1f6551a643b99c265a120,59,4.016666666666667,15.0,10.0,56,10.034405588624338,-12.130526620370372,5.357142857142857
3be634553519fb6536a03e1358e9fdc7,83,3.92,20.0,8.0,80,10.08215480324074,-9.988927806712962,8.75
3c7c4a49ec3c6550809089c6a2ca9370,141,3.68944099378882,27.95031055900621,22.36024844720497,139,9.574326622035704,-8.702542715827338,7.913669064748201
3d871de0142ce09b7081e2b9d1733cb1,1080,4.11443661971831,12.588028169014084,9.330985915492958,1064,13.510275428153717,-12.375561288203146,5.921052631578947
3db66a856d18a9cba7c9241fc5221c50,94,4.171717171717172,10.1010101010101,9.090909090909092,94,16.00484670508274,-11.121444912332544,11.702127659574469
3df020b72d3d44b3af9d110fa3940b65,55,3.9504950495049505,16.831683168316832,14.85148514851485,55,13.432020412457913,-10.466689393939394,12.727272727272727
41b39e28db005d9731d9d485a83b4c38,195,4.126050420168068,15.126050420168067,11.76470588235294,187,12.370251534957418,-17.322869999009704,6.417112299465241
42b729f859728f5079499127a9c2ef37,104,4.3538461538461535,9.230769230769232,8.461538461538462,103,7.848344570298454,-7.248024541531823,7.766990291262135
431af27f296bc6519d890aa5a05fdb11,117,3.784,24.8,18.4,116,17.234933449074074,-6.531787496008939,15.517241379310345
4371b634e0efc0e22b09b52907d9d469,102,4.405405405405405,9.00900900900901,7.207207207207207,101,11.118572951045104,-9.720521635496883,7.920792079207921
44073f8b7e41514de3b7815dd0237f4f,144,3.7565789473684212,20.394736842105264,17.105263157894736,142,13.152955301251957,-15.292007531298905,3.5211267605633805
440dd6ab244315c632130ecfb63827b1,94,3.851063829787234,15.957446808510639,13.829787234042554,91,16.616442434879936,-10.584755926943426,13.186813186813188
45d33f715e24d15a6ccf5c17b3a23e3c,59,4.049180327868853,13.114754098360656,13.114754098360656,56,11.551485615079367,-11.005964368386243,7.142857142857142
46dc3b2cc0980fb8ec44634e21d2718e,521,4.181308411214953,13.457943925233645,11.588785046728972,503,11.927641281938001,-11.406663100103085,6.560636182902585
48162d548f5b1b11b9d29d1e01f75a61,68,3.758241758241758,23.076923076923077,21.978021978021978,66,11.606531285072952,-12.634215768799102,3.0303030303030303
4830e40640734fc1c52cd21127c341d4,210,4.1045454545454545,13.636363636363635,11.818181818181818,204,9.976384633714597,-10.400108308369644,6.862745098039216
48436dade18ac8b2bce089ec2a041202,138,4.046357615894039,14.56953642384106,11.258278145695364,134,14.353559373272526,-8.975624481757878,7.462686567164178
4869f7a5dfa277a7dca6462dcf3b52b2,1132,4.122822299651568,13.850174216027874,10.975609756097562,1124,15.062424336035324,-10.390534631606695,11.565836298932384
4992e76a42cb3aad7a7047e0d3d7e729,57,3.8378378378378377,17.56756756756757,17.56756756756757,56,7.713207258597883,-9.901557126322752,7.142857142857142
4a3ca9315b744ce9f8e9374361493884,1806,3.803931451612903,19.758064516129032,14.818548387096776,1772,14.486044893299054,-8.831082489444862,11.00451467268623
4a3ccda38b2129705f3fb522db62ca31,66,3.7341772151898733,24.050632911392405,18.9873417721519,64,13.319973054108797,-10.629969798900463,9.375
4b9750c8ad28220fe6702d4ecb7c898f,218,4.351351351351352,7.207207207207207,5.8558558558558556,217,9.455059790493259,-8.660543501450759,7.834101382488479
4c18691b6037662be2df78a765d98ab5,63,3.8358208955223883,17.91044776119403,14.925373134328357,63,9.23715057319224,-10.519937169312168,7.936507936507936
4c2b230173bb36f9b240f2b8ac11786e,261,3.760932944606414,24.78134110787172,20.99125364431487,258,12.872886116494401,-7.3348759600200975,10.077519379844961
4d6d651bd7684af3fffabd5f08d12e5a,369,4.1767676767676765,12.878787878787879,11.11111111111111,363,13.022438399142946,-12.294559164881136,4.683195592286501
4e17c65a516f69d023a2ae78b84f28d6,61,4.081081081081081,20.27027027027027,13.513513513513514,61,13.33190023527626,-21.41493738615665,6.557377049180328
4e7c18b98d84e05cbae3ff0ff03846c2,82,4.144444444444445,18.88888888888889,12.222222222222221,81,12.090135888203019,-12.622445987654322,4.938271604938271
4e922959ae960d389249c378d1c939f5,420,3.89532293986637,20.26726057906459,16.035634743875278,412,14.519824113403454,-12.166583176015822,10.679611650485436
5058e8c1e82653974541e83690655b4a,63,3.0789473684210527,36.84210526315789,26.31578947368421,62,26.679335050776583,-15.680083258661888,12.903225806451612
50c9975695009e5e6473912e83a6d1da,50,3.985074626865672,16.417910447761194,13.432835820895523,50,16.47676388888889,-6.997561805555555,14.000000000000002
516e7738bd8f735ac19a010ee5450d8d,76,4.5476190476190474,4.761904761904762,4.761904761904762,74,8.833180837087088,-18.36235203953954,5.405405405405405
520b493b57809f446cb0a233bb3e25c7,63,4.378378378378378,8.108108108108109,6.756756756756757,63,7.681669422398589,-10.997441211052323,3.1746031746031744
522620dcb18a6b31cd7bdf73665113a9,174,3.897727272727273,19.318181818181817,18.181818181818183,172,15.399955385981912,-13.11702512650732,10.465116279069768
527801b552d0077ffd170872eb49683b,90,4.483516483516484,7.6923076923076925,5.4945054945054945,90,13.124561471193415,-10.589407021604938,10.0
530ec6109d11eaaf87999465c6afee01,97,4.221153846153846,11.538461538461538,8.653846153846153,94,10.852067203506698,-16.698677354215917,1.0638297872340425
53243585a1d6dc2643021fd1853d8905,358,4.075980392156863,12.5,10.049019607843137,348,13.432182877022138,-10.743274365421456,4.310344827586207
5343d0649eca2a983820bfe93fc4d17e,71,3.614678899082569,29.357798165137616,20.18348623853211,70,11.265936342592592,-12.410927248677249,10.0
537eb890efff034a88679788b647c564,160,4.166666666666667,10.344827586206897,8.620689655172415,158,9.140936108180966,-11.304762218706049,5.69620253164557
53e4c6e0f4312d4d2107a8c9cddf45cd,473,4.045889101338432,15.487571701720842,11.089866156787762,463,12.021332093432525,-12.633513318934485,5.399568034557236
54965bbe3e4f07ae045b90b0b8541f52,78,2.9382716049382718,45.67901234567901,41.9753086419753,73,26.16556062912227,-2.874650399543379,30.136986301369863
54a1852d1b8f10312c55e906355666ee,200,4.3431372549019605,8.823529411764707,7.352941176470589,198,11.496459736251403,-10.26713354610924,9.595959595959595
562fc2f2c2863ab7e79a9e4388a58a14,260,4.235074626865671,9.701492537313433,6.7164179104477615,255,11.30587232207698,-12.417384077705156,3.5294117647058822
5656537e588803a555b8eb41f07a944b,174,3.804232804232804,21.164021164021165,18.51851851851852,171,11.294335336798786,-11.030625406107863,7.602339181286549
57e632711dec9ec14ca7546769483e7e,62,4.424242424242424,4.545454545454546,3.0303030303030303,62,10.924974798387098,-16.012356257467143,0.0
582d4f8675b945722eda7c0cb61ba4c7,59,4.112676056338028,12.676056338028168,5.633802816901409,59,11.1029309871312,-12.91290391556811,1.694915254237288
59b22a78efb79a4797979612b885db36,125,3.9696969696969697,20.454545454545457,16.666666666666664,125,12.668354259259258,-9.358949351851852,12.8
59fb871bf6f4522a87ba567b42dafecf,126,4.21875,9.375,8.59375,123,11.998807023486902,-13.983060542758206,6.504065040650407
5a8e7d5003a1f221f9e1d6e411de7c23,139,4.1722222222222225,11.666666666666666,9.444444444444445,137,10.214196573398215,-11.423342119491753,5.839416058394161
5b925e1d006e9476d738aa200751b73b,63,4.606060606060606,4.545454545454546,3.0303030303030303,63,10.885000367430923,-10.505257569077013,6.349206349206349
5c243662ce92d84573bfaff24c3e3700,98,4.13,11.0,5.0,98,10.906951884920636,-13.025274943310658,3.061224489795918
5cf13accae3222c70a9cac40818ae839,149,4.438709677419355,8.38709677419355,7.096774193548387,148,10.701136918168169,-13.437508133133132,3.3783783783783785
5d0363b33554b373851fc1622e4d5f3c,94,4.052631578947368,12.631578947368421,10.526315789473683,93,12.488874825766628,-8.200448028673835,8.60215053763441
5dceca129747e92ff8ef7a997dc4f8ca,325,3.991228070175439,19.5906432748538,14.035087719298245,322,11.569820278352887,-10.619046792328042,6.211180124223603
5f1dc28029d2c244352a68107ec2b542,62,4.428571428571429,7.792207792207792,7.792207792207792,62,9.54630152329749,-15.265408452807646,6.451612903225806
5f2684dab12e59f83bef73ae57724e45,68,3.77027027027027,24.324324324324326,22.972972972972975,67,10.647301340519624,-10.34020418739635,5.970149253731343
602044f2c16190c2c6e45eb35c2e21cb,50,2.9322033898305087,45.76271186440678,37.28813559322034,48,14.810961371527776,-8.11354793595679,18.75
6039e27294dc75811c0d8a39069f52c0,64,3.8421052631578947,18.421052631578945,17.105263157894736,63,17.993614969135802,-6.620415013227513,22.22222222222222
609e1a9a6c2539919b8205cf7c4e6ff0,87,3.598360655737705,26.229508196721312,22.950819672131146,87,10.212838175819499,-16.129950909961686,2.2988505747126435
612170e34b97004b3ba37eae81836b4c,107,4.427272727272728,7.2727272727272725,6.363636363636363,107,10.988303046036691,-17.642264840775354,1.8691588785046727
620c87c171fb2a6dd6e8bb4dec959fc6,740,4.215189873417722,13.79746835443038,11.265822784810126,722,12.902610691110086,-13.036449372242743,9.97229916897507
624f4ece8da4aafb77699233d480f8ef,53,4.185185185185185,12.962962962962962,5.555555555555555,52,13.627191283831909,-9.89861044337607,7.6923076923076925
634964b17796e64304cadf1ad3050fb7,268,3.8584615384615386,19.384615384615383,16.307692307692307,265,14.672130066387142,-9.640066692872118,10.18867924528302
640e21a7d01df7614a3b4923e990d40c,116,4.262773722627737,8.75912408759124,8.02919708029197,115,10.319995068438002,-9.630529086151368,6.956521739130435
643214e62b870443ccbe55ab29a4dccf,66,4.426470588235294,4.411764705882353,2.941176470588235,65,9.59067735042735,-10.221544693732193,12.307692307692308
6560211a19b47992c3666cc44a7e94c0,1854,3.9094059405940595,17.871287128712872,13.217821782178218,1819,9.627301720013032,-10.791104003777004,6.432105552501374
66922902710d126a0e7d26b0e3805106,151,4.451612903225806,6.451612903225806,4.516129032258064,150,11.31926913580247,-9.621405478395062,7.333333333333333
669ae81880e08f269a64487cfb287169,162,4.101604278074866,14.973262032085561,12.834224598930483,161,12.194995542903152,-13.266237922705313,4.3478260869565215
670c26e0f1bf8d0576271d5cfaec6d2b,78,4.310344827586207,8.045977011494253,8.045977011494253,77,14.281619017556517,-11.90506734006734,5.194805194805195
6860153b69cc696d5dcfe1cdaaafcf62,74,4.156626506024097,14.457831325301203,14.457831325301203,74,10.249410660660661,-8.708279685935935,9.45945945945946
688756f717c462a206ad854c5027a64a,83,3.7676767676767677,19.19191919191919,14.14141414141414,81,10.75715292066758,-7.733139431870142,8.641975308641975
6973a06f484aacf400ece213dbf3d946,95,3.5258620689655173,28.448275862068968,22.413793103448278,89,14.897277361631293,-6.918313046192259,16.853932584269664
6a8b085f816a1f75f92dbac6eb545f8f,127,4.117647058823529,11.76470588235294,10.294117647058822,125,14.688119537037037,-9.269418148148148,9.6
6b243f80ed07b10f0e8aa0f21a205f3c,79,4.022471910112359,16.853932584269664,15.730337078651685,79,11.161837494139709,-13.90377578527895,3.79746835443038
6c177e38df6d3f34182b1f1d427231bf,55,4.035714285714286,16.071428571428573,14.285714285714285,53,14.409789482879106,-13.822934792103423,3.7735849056603774
6c7d50c24b3ccd2fd83b44d8bb34e073,114,4.3858267716535435,7.086614173228346,5.511811023622047,112,12.268236813822751,-11.271543795469578,1.7857142857142856
6cd68b3ed6d59aaa9fece558ad360c0a,149,4.445859872611465,3.821656050955414,1.910828025477707,149,10.53334156723838,-13.508876227317923,2.013422818791946
6d66611d7c44cc30ce351abc49a68421,166,3.913793103448276,16.666666666666664,12.068965517241379,164,12.028336862014454,-10.397004008581753,6.097560975609756
6d803cb79cc31c41c4c789a75933b3c7,58,4.279411764705882,7.352941176470589,5.88235294117647,58,13.296695801404853,-13.070424249680716,6.896551724137931
6edacfd9f9074789dad6d62ba7950b9c,208,4.360730593607306,9.58904109589041,8.21917808219178,205,9.093437387082204,-10.88845731707317,5.853658536585367
6fd52c528dcb38be2eea044946b811f8,67,3.5,34.146341463414636,25.609756097560975,67,21.561034238529572,-10.06051046849088,13.432835820895523
7008613ea464bad5cb9b83456e1e6a8f,127,4.27741935483871,7.741935483870968,7.741935483870968,123,14.4758306044866,-13.243646209725986,4.878048780487805
701938c450705b8ae65fc923b70f35c7,75,3.765765765765766,18.01801801801802,15.315315315315313,74,12.979548298298297,-11.12407078953954,6.756756756756757
7040e82f899a04d1b434b795a43b4617,212,3.528888888888889,29.333333333333332,19.11111111111111,208,10.512130074786324,-9.560479211182336,9.615384615384617
709e16e2b25c7474d980076c6bfc4806,60,4.525,1.25,1.25,60,10.642324652777777,-12.196443672839505,3.3333333333333335
70a12e78e608ac31179aea7f8422044b,315,3.7699386503067487,21.165644171779142,15.030674846625766,312,14.709280218720323,-9.76337202486942,10.897435897435898
70c27847eca8195c983ed7e798c56743,77,4.204081632653061,18.367346938775512,12.244897959183673,77,11.206502675565176,-11.045306637806638,9.090909090909092
70eea00b476a314817cefde4aad4f89a,108,4.353982300884955,8.849557522123893,6.1946902654867255,106,13.39840539832285,-11.36030747728861,7.547169811320755
710e3548e02bc1d2831dfc4f1b5b14d4,136,3.397163120567376,31.914893617021278,28.368794326241137,131,14.497791825699744,-21.117631732400337,4.580152671755725
712e6ed8aa4aa1fa65dab41fed5737e4,79,3.4597701149425286,33.33333333333333,19.54022988505747,77,24.691598875661377,-8.41970643939394,22.07792207792208
7142540dd4c91e2237acb7e911c4eba2,319,4.042168674698795,14.156626506024098,9.33734939759036,316,14.741313767287856,-12.735387182079231,8.227848101265822
715bbd5ba4e6b74cb0d2f29eb45058b0,62,4.46875,6.25,6.25,62,11.924290434587814,-12.742406287335722,8.064516129032258
7178f9f4dd81dcef02f62acdf8151e01,203,4.032258064516129,15.207373271889402,11.059907834101383,202,15.745930738907225,-17.745231309589293,4.9504950495049505
7202e2ba20579a9bd1acb29e61fe71f6,53,3.8333333333333335,20.37037037037037,14.814814814814813,51,13.344604438997822,-11.442160947712418,5.88235294117647
725c32fa80c2faacc4fc88450d27314e,89,4.538461538461538,2.197802197802198,1.098901098901099,89,9.408308234498543,-11.63623725551394,1.1235955056179776
7299e27ed73d2ad986de7f7c77d919fa,338,4.421052631578948,7.202216066481995,5.263157894736842,335,11.29805800856827,-11.852645902432284,4.776119402985075
729f06993dac8e860d4f02d7088ca48a,96,4.2894736842105265,9.649122807017543,9.649122807017543,94,11.75012854609929,-10.072540632387707,11.702127659574469
744dac408745240a2c2528fb1b6028f3,79,4.5476190476190474,3.571428571428571,2.380952380952381,78,11.029073480531814,-16.06577605650522,1.282051282051282
750303a20e9c56b2a6bc45cdce0b897d,54,4.280701754385965,10.526315789473683,10.526315789473683,53,14.103843029350104,-11.130179944095039,3.7735849056603774
751bdc4d83a466c7206cd42e8f426b03,54,3.5492957746478875,30.985915492957744,21.12676056338028,51,10.857696759259259,-11.027497049745824,1.9607843137254901
75d34ebb1bd0bd7dde40dd507b8169c3,62,3.8194444444444446,23.61111111111111,16.666666666666664,57,16.047814733593242,-15.794629020467836,15.789473684210526
7681ef142fd2c19048da7430856b5588,59,4.131578947368421,15.789473684210526,11.842105263157894,58,10.558409562579822,-8.723640046296296,13.793103448275861
76d5af76d0271110f9af36c92573f765,131,4.082278481012659,15.18987341772152,13.291139240506327,128,11.918459382233797,-11.650411874276621,9.375
76d64c4aca3a7baf218bf93ef7fa768d,64,4.128571428571429,17.142857142857142,10.0,64,10.974288375289351,-14.393988896122686,3.125
7722b1df1b0e383e000397b2c11e3e19,134,4.222222222222222,11.11111111111111,5.555555555555555,133,8.353897852269561,-11.32379873294347,3.007518796992481
77530e9772f57a62c906e1c21538ab82,320,4.053846153846154,17.435897435897434,12.307692307692308,312,15.01382159603514,-10.250751795465337,11.538461538461538
79ebd9a61bac3eaf882805ed4ecfa12a,136,4.006896551724138,14.482758620689657,11.03448275862069,133,15.383875661375662,-11.617387740183792,6.015037593984962
7a241947449cc45dbfda4f9d0798d9d0,62,3.5774647887323945,26.76056338028169,23.943661971830984,56,13.22058097718254,-12.884551091269842,7.142857142857142
7a67c85e85bb2ce8582c35f2203ad736,1160,4.234991423670669,10.891938250428817,7.718696397941681,1145,11.200217845301633,-11.146678432799611,5.93886462882096
7aa4334be125fcdd2ba64b3180029f14,217,4.054621848739496,16.386554621848738,13.445378151260504,214,15.997231092073381,-8.72614091164763,13.551401869158877
7ad32824caee82087b3e2e5f33b1bf32,151,3.7679558011049723,20.994475138121548,14.917127071823206,147,12.115531934996222,-9.356880511463844,14.285714285714285
7b07b3c7487f0ea825fc6df75abd658b,93,4.336734693877551,12.244897959183673,7.142857142857142,91,9.585440705128205,-10.323118894993895,4.395604395604396
7c67e1448b00f6e969d365cea6b010ab,982,3.348207754206291,29.407461594732993,23.628383321141186,973,22.338337794050474,-10.691665263027673,10.071942446043165
7d13fca15225358621be4086e1eb0964,565,4.001742160278746,17.94425087108014,12.89198606271777,558,15.731614292944377,-10.172527918823842,12.186379928315413
7d456afc660226829370f3173d14520c,56,4.290322580645161,9.67741935483871,7.526881720430108,55,8.502737584175083,-12.368926346801347,5.454545454545454
7d76b645482be4a332374e8223836592,176,3.9297297297297296,15.675675675675677,10.81081081081081,172,13.625463635874246,-8.328849456287683,11.627906976744185
7ddcbb64b5bc1ef36ca8c151f6ec77df,334,3.903225806451613,18.475073313782993,14.076246334310852,325,12.710487179487181,-9.354411324786325,8.615384615384615
7e1fb0a3ebfb01ffb3a7dae98bf3238d,159,4.133720930232558,12.209302325581394,9.883720930232558,155,15.558809662485066,-9.955946983273597,12.903225806451612
7e3f87d16fb353f408d467e74fbd8014,92,4.127659574468085,11.702127659574469,10.638297872340425,91,12.572568172568173,-9.720249923687424,12.087912087912088
7e93a43ef30c4f03f38b393420bc753a,336,4.206489675516224,12.094395280235988,10.32448377581121,319,11.314592621618484,-11.531376879426448,5.6426332288401255
7ea5bfa6c340f58f8e71fc1f0412b0d6,98,4.077669902912621,12.62135922330097,11.650485436893204,96,13.051441695601852,-9.35634090470679,7.291666666666667
80e6699fe29150b372a0c8a1ebf7dcc8,98,4.292929292929293,10.1010101010101,8.080808080808081,96,11.559742115162038,-15.397172550154322,4.166666666666666
813348c996469b40f2e028d5429d3495,179,4.0,16.666666666666664,11.616161616161616,172,10.168005692829457,-9.974609442291127,5.232558139534884
8160255418d5aaa7dbdc9f4c64ebda44,385,3.839160839160839,20.04662004662005,16.083916083916083,380,16.249576693469784,-7.421747197855751,16.57894736842105
81a1104df0f08b59c68aa5b03cfe398e,73,4.267605633802817,8.450704225352112,8.450704225352112,72,12.830092431841564,-13.038743730709875,5.555555555555555
822166ed1e47908f7cfb49946d03c726,69,3.9444444444444446,19.444444444444446,17.59259259259259,69,12.805294216317767,-12.52153968733226,1.4492753623188406
827f8f69dfa529c561901c4f2e0f332f,91,4.252427184466019,12.62135922330097,5.825242718446602,91,13.683475910663411,-9.703123855311356,9.89010989010989
834f3294fba9f932f56edc879193f925,66,4.545454545454546,4.545454545454546,3.0303030303030303,66,14.296499017957352,-8.804236987934903,6.0606060606060606
8444e55c1f13cd5c179851e5ca5ebd00,99,3.073394495412844,40.36697247706422,36.69724770642202,92,21.080529388083736,-21.862584163647345,6.521739130434782
850f4f8af5ea87287ac68de36e29107f,187,4.287234042553192,9.574468085106384,6.914893617021277,186,10.125434525587416,-14.059486509358821,6.451612903225806
855668e0971d4dfd7bef1b6a4133b41b,312,3.7253086419753085,24.382716049382715,17.59259259259259,300,16.26107449845679,-8.321978317901234,14.000000000000002
8581055ce74af1daba164fdbd55a40de,387,4.230769230769231,11.990950226244344,8.823529411764707,379,13.103792051451189,-8.302268610133881,10.026385224274406
85d9eb9ddc5d00ca9336a2219c97bb13,509,4.172413793103448,10.53639846743295,7.662835249042145,499,14.642770981778371,-15.033741116492244,3.6072144288577155
8648b1e89e9b349e32d3741b30ec737e,95,4.038095238095238,17.142857142857142,16.19047619047619,93,9.046316955396257,-11.227437275985663,10.75268817204301
86ccac0b835037332a596a33b6949ee1,180,4.004739336492891,18.009478672985782,13.270142180094787,178,12.06077624323762,-14.283329627028714,3.3707865168539324
87142160b41353c4e5fca2360caf6f92,305,4.366568914956011,6.744868035190615,5.571847507331378,305,10.92719637978142,-14.321287378567092,5.573770491803279
88460e8ebdecbfecb5f9601833981930,248,3.3516129032258064,32.25806451612903,28.70967741935484,246,17.799440586419752,-10.506272818804577,19.51219512195122
891071be6ba827b591264c90c2ae8a63,92,3.717171717171717,27.27272727272727,21.21212121212121,85,13.706738970588235,-10.66232938453159,17.647058823529413
897060da8b9a21f655304d50fd935913,317,3.395348837209302,31.627906976744185,26.046511627906977,304,14.947158907468323,-9.09568416483918,11.842105263157894
8a130737016f838139d31878787a39c9,56,4.354838709677419,8.064516129032258,3.225806451612903,56,10.189485160383597,-10.014384093915343,7.142857142857142
8a32e327fe2c1b3511609d81aaf9f042,132,3.783333333333333,20.0,16.11111111111111,126,8.874441229423867,-14.274125514403291,3.1746031746031744
8a432f4e5b471f8da497d7dc517666e2,95,4.201923076923077,12.5,8.653846153846153,95,7.845326023391812,-11.737476973684212,5.263157894736842
8ae520247981aa06bc94abddf5f46d34,65,4.446153846153846,9.230769230769232,6.153846153846154,65,10.97949643874644,-15.705464921652423,1.5384615384615385
8b28d096634035667e8263d57ba3368c,143,3.861842105263158,18.421052631578945,16.447368421052634,139,14.073363226085798,-9.712380262456701,11.510791366906476
8b321bb669392f5163d04c59e235e066,943,3.995069033530572,17.159763313609467,13.017751479289942,930,12.67492689665472,-9.234177755376344,10.43010752688172
8bb48dc19fccaa8613b6229bf7f452a2,82,4.34375,10.416666666666668,8.333333333333332,82,11.476086833785004,-12.682707486449864,2.4390243902439024
8c16d1f32a54d92897cc437244442e1b,108,4.327586206896552,7.758620689655173,6.896551724137931,108,11.002946459190673,-14.50040155606996,0.9259259259259258
8cbac7e12637ed9cffa18c7875207478,67,4.146341463414634,10.975609756097562,7.317073170731707,66,13.94055345117845,-12.9311421506734,6.0606060606060606
8d956fec2e4337affcb520f56fd8cbfd,211,4.192139737991266,10.480349344978166,8.73362445414847,210,9.265147211199295,-9.898116236772486,10.476190476190476
8e6cc767478edae941d9bd9eb778d77a,106,3.9035087719298245,19.298245614035086,12.280701754385964,100,16.615996527777778,-12.802673495370371,8.0
8e6d7754bc7e0f22c96d255ebda59eba,85,3.0150375939849625,44.3609022556391,36.84210526315789,84,15.293111083553791,-5.33641796186067,16.666666666666664
8e8a7ce9f2f970dc00e2acf6f6e199f6,65,4.0,12.121212121212121,7.575757575757576,63,12.24611956202234,-10.246872795414461,9.523809523809524
8f119a0aee85c0c8fc534629734e94fd,77,4.216867469879518,9.63855421686747,9.63855421686747,75,10.047791203703703,-10.298411574074073,5.333333333333334
8f2ce03f928b567e3d56181ae20ae952,153,4.063218390804598,14.367816091954023,12.643678160919542,151,14.380811871474123,-8.305852955604612,15.2317880794702
900ba814c251a692506d7834c1218441,88,4.188235294117647,9.411764705882353,8.235294117647058,86,12.483181524547804,-7.883672076873385,13.953488372093023
91f848e9f4be368f4318775aac733370,63,4.277777777777778,6.944444444444445,5.555555555555555,60,9.941640817901234,-11.200524691358025,3.3333333333333335
92eb0f42c21942b6552362b9b114707d,341,3.930939226519337,16.85082872928177,13.259668508287293,334,13.712684630738524,-9.63492657047017,8.08383233532934
94144541854e298c2d976cb893b81343,68,4.2894736842105265,11.842105263157894,6.578947368421052,68,12.93787326388889,-13.588435117102398,4.411764705882353
951e8cef368f09bb3f3d03c00ca4702c,64,4.117647058823529,13.23529411764706,11.76470588235294,62,9.414246378434886,-9.652449223416966,8.064516129032258
955fee9216a65b617aa5c0531780ce60,1287,4.0517125587642715,14.439220953660175,10.208193418401612,1261,10.769856696258113,-9.516987711839517,7.7716098334655035
95e03ca3d4146e4011985981aeb959b9,175,3.994818652849741,15.544041450777202,10.880829015544041,172,12.531179613479758,-14.42701987779931,3.488372093023256
95f83f51203c626648c875dd41874c7f,52,3.176470588235294,45.588235294117645,25.0,50,11.724691898148148,-13.037205324074074,6.0
9616352088dcf83a7c06637f4ebf1c80,92,4.242424242424242,10.1010101010101,8.080808080808081,91,12.439302248677247,-14.680990918803419,0.0
9646c3513289980f17226a2fc4720dbd,71,4.256410256410256,12.82051282051282,5.128205128205128,69,11.201072195383789,-13.288166599570586,2.898550724637681
96493fab2fbb13a14d0c0e8772eef5c3,63,4.031746031746032,15.873015873015872,6.349206349206349,63,13.384796259553205,-9.478957047325103,6.349206349206349
966cb4760537b1404caedd472cc610a5,75,3.8533333333333335,18.666666666666668,17.333333333333336,67,10.040945273631841,-14.800268449419569,2.9850746268656714
9674754b5a0cb32b638cec001178f799,86,4.03,19.0,13.0,84,8.410468474426809,-10.38107997134039,3.571428571428571
972d0f9cf61b499a4812cf0bfa3ad3c4,83,2.9642857142857144,44.047619047619044,34.523809523809526,81,18.185644861682672,-9.055353366483768,11.11111111111111
98dac6635aee4995d501a3972e047414,91,3.8756476683937824,24.352331606217618,21.761658031088082,89,9.616128017062007,-10.36215368809821,8.98876404494382
99eaacc9e6046db1c82b163c5f84869f,66,3.9,20.0,12.857142857142856,63,14.98057319223986,-8.155254078483246,11.11111111111111
9b013e03b2ab786505a1d3b5c0756754,174,4.0,18.2648401826484,15.981735159817351,170,8.559827546296297,-9.14282781862745,5.88235294117647
9c0e69c7bf2619675bbadf47b43f655a,157,3.9951923076923075,16.826923076923077,13.942307692307693,151,14.620721578366444,-7.542730561687516,10.596026490066226
9d4db00d65d7760644ac0c14edb5fd86,98,4.515151515151516,5.05050505050505,4.040404040404041,97,8.056416213249332,-10.793196353570064,4.123711340206185
9d5a9018aee56acb367ba9c3f05d1d6a,67,4.405063291139241,12.658227848101266,8.860759493670885,66,15.023560430695847,-12.794118792087541,1.5151515151515151
9de4643a8dbde634fe55621059d92273,72,4.530864197530864,6.172839506172839,4.938271604938271,72,14.635875289351851,-11.076966306584362,4.166666666666666
9e6229250fedbe05838fef417b74e7fb,74,3.8974358974358974,15.384615384615385,11.538461538461538,73,11.829552733384068,-14.542915873921865,4.10958904109589
9f505651f4a6abe901a56cdc21508025,397,4.283372365339578,10.772833723653395,8.899297423887589,393,8.07235884341721,-10.0782443337103,5.089058524173027
a1043bafd471dff536d0c462352beb48,718,4.189048239895698,11.864406779661017,9.647979139504564,702,13.64757012042313,-11.747952889231824,5.698005698005698
a17f621c590ea0fab3d5d883e1630ec6,65,4.092105263157895,17.105263157894736,13.157894736842104,63,11.55949937536743,-9.750945583480306,7.936507936507936
a3a38f4affed601eb87a97788c949667,254,4.388461538461539,8.461538461538462,5.769230769230769,251,12.546192775195514,-14.039605743691899,4.780876494023905
a3e9a2c700480d9bb01fba070ba80a0e,130,4.013698630136986,15.753424657534246,13.698630136986301,129,13.217738120872811,-9.460426177146138,10.077519379844961
a416b6a846a11724393025641d4edd5e,162,4.1602209944751385,15.469613259668508,13.259668508287293,157,12.49271017633876,-9.598157510615712,12.738853503184714
a420f60ff1aa9acc80d0e42959f2b313,67,3.925373134328358,16.417910447761194,13.432835820895523,67,11.55845581122167,-12.245959266169153,8.955223880597014
a49928bcdf77c55c6d6e05e09a9b4ca5,98,2.952830188679245,43.39622641509434,34.90566037735849,96,16.933884910300925,-3.6783018663194444,26.041666666666668
a5cba26a62b8b4d0145b68b841e62e7f,54,4.527272727272727,5.454545454545454,3.6363636363636362,53,13.183294898672257,-14.090742706149545,1.8867924528301887
a673821011d0cec28146ea42f5ab767f,129,3.8865248226950353,20.56737588652482,15.602836879432624,125,12.962176388888889,-8.43991287037037,11.200000000000001
a6fe7de3d16f6149ffe280349a8535a0,51,4.0,17.647058823529413,11.76470588235294,50,14.975533564814814,-8.591528472222222,16.0
a7f13822ceb966b076af67121f87b063,75,3.4352941176470586,27.058823529411764,22.35294117647059,73,22.7069525304414,-15.8618366311517,6.8493150684931505
a888faf2d1baececa6baf9c3d603ee1f,54,4.054545454545455,16.363636363636363,14.545454545454545,53,18.016654437456324,-10.074773104472396,15.09433962264151
aac29b1b99776be73c3049939652091d,98,3.9398496240601504,16.541353383458645,14.285714285714285,94,14.93235446217494,-10.061690430457052,9.574468085106384
aaed1309374718fdd995ee4c58c9dfcd,105,4.053571428571429,13.392857142857142,12.5,104,12.235572471509972,-16.560984241452992,2.8846153846153846
aafe36600ce604f205b86b5084d3d767,129,4.3816793893129775,9.923664122137405,6.870229007633588,129,12.49871348334769,-12.446116673844386,4.651162790697675
aba1721a889e04decc910aa13b768ef4,83,4.456521739130435,9.782608695652174,5.434782608695652,83,9.325860107095048,-10.956338827532353,10.843373493975903
abe42c5d03695b4257b5c6cbf4e6784e,50,3.9183673469387754,18.367346938775512,14.285714285714285,49,14.357426303854876,-8.628012566137565,16.3265306122449
ac3508719a1d8f5b7614b798f70af136,103,4.568627450980392,4.901960784313726,3.9215686274509802,101,9.45691453520352,-17.372371080858088,2.9702970297029703
aced59e9b31ef866a94f9e7f29d8d418,61,4.434782608695652,5.797101449275362,2.898550724637681,61,9.736964936247723,-10.729572138737097,8.19672131147541
adbc26658d6c7b4b6219f9d934598091,88,4.054347826086956,17.391304347826086,14.130434782608695,88,17.258289141414142,-7.504794954755892,15.909090909090908
b14db04aa7881970e83ffa9426897925,83,3.764705882352941,19.607843137254903,14.705882352941178,78,16.021839535849953,-9.495531962250713,11.538461538461538
b17b679f4f5ce2e03ce6968c62648246,55,3.6140350877192984,26.31578947368421,24.561403508771928,50,19.22530671296296,-10.83168287037037,18.0
b1a81260566c1bac3114a6d124413f27,51,4.222222222222222,14.814814814814813,12.962962962962962,51,8.565282543572986,-15.56016748366013,1.9607843137254901
b1fc4f64df5a0e8b6913ab38803c57a9,107,3.7815126050420167,20.168067226890756,12.605042016806722,107,15.916294998269297,-9.105982822776047,12.149532710280374
b2479f944e1b90cf8a5de1bbfde284d6,103,3.2857142857142856,35.338345864661655,30.075187969924812,101,15.400404519618627,-7.49522082416575,13.861386138613863
b2ba3715d723d245138f291a6fe42594,337,4.108333333333333,14.166666666666666,11.666666666666666,324,14.074570151748972,-9.155995441815271,8.950617283950617
b33e7c55446eabf8fe1a42d037ac7d6d,152,4.15483870967742,14.193548387096774,10.32258064516129,149,16.27741144668158,-10.775942782127766,12.751677852348994
b372ee768ed69e46ca8cdbd267aa7a38,63,4.4,10.0,7.142857142857142,63,12.494652410346854,-18.432356701940037,0.0
b499c00f28f4b7069ff6550af8c1348a,152,4.1436170212765955,12.76595744680851,9.574468085106384,147,11.269584986772488,-10.717694869614512,12.925170068027212
b4ffb71f0cb1b1c3d63fad021ecf93e1,144,4.023255813953488,16.27906976744186,14.534883720930234,143,10.105635926573427,-14.129654477466977,2.097902097902098
b561927807645834b59ef0d16ba55a24,85,4.336842105263158,9.473684210526317,7.368421052631578,85,12.612163671023964,-7.921072440087145,14.117647058823529
b6d44737c043328708f6749c2dbe50bd,62,4.525,7.5,5.0,61,8.211718085913782,-13.284371205221614,6.557377049180328
b76dba6c951ab00dc4edf0a1aa88037e,159,4.149700598802395,11.976047904191617,9.580838323353294,157,10.381203408822836,-15.729684182590233,3.1847133757961785
b92e3c8f9738272ff7c59e111e108d7c,62,4.070422535211268,19.718309859154928,14.084507042253522,62,16.729624402628435,-42.736760379330946,3.225806451612903
ba143b05f0110f0dc71ad71b4466ce92,85,4.423529411764706,9.411764705882353,5.88235294117647,83,10.241654395359214,-7.796486083221776,15.66265060240964
bbad7e518d7af88a0897397ffdca1979,69,3.0357142857142856,45.23809523809524,39.285714285714285,68,13.456101409313725,-8.682960580065359,16.176470588235293
bd0389da23d89b726abf911cccc54596,87,4.2,11.11111111111111,6.666666666666667,87,13.635255826947636,-11.828660201149425,8.045977011494253
bd23da7354813347129d751591d1a6e2,89,4.033333333333333,17.77777777777778,12.222222222222221,86,9.874542420327304,-9.383328757536606,4.651162790697675
beadbee30901a7f61d031b6b686095ad,64,3.9411764705882355,17.647058823529413,13.23529411764706,64,14.098720160590277,-8.751648401331018,25.0
bfd27a966d91cfaafdb25d076585f0da,117,4.2844827586206895,11.206896551724139,8.620689655172415,114,12.418292417966212,-14.828736090805718,5.263157894736842
c003204e1ab016dfa150abc119207b24,197,4.422885572139304,5.970149253731343,5.970149253731343,195,9.627084223646722,-10.847703288224121,6.666666666666667
c31eff8334d6b3047ed34bebd4d62c36,122,3.8524590163934427,18.0327868852459,12.295081967213115,120,12.668956886574074,-9.574411265432099,14.166666666666666
c33847515fa6305ce6feb1e818569f13,114,3.71875,25.0,17.1875,114,9.288727461013647,-14.826631944444445,4.385964912280701
c3867b4666c7d76867627c2f7fb22e21,245,3.853281853281853,22.393822393822393,16.988416988416986,228,15.404736334470435,-9.04434708008447,11.842105263157894
c3cfdc648177fdbbbb35635a37472c53,278,4.447284345047923,8.30670926517572,7.0287539936102235,278,9.728549493738342,-15.50761415867306,2.5179856115107913
c6bda72e4dbf5c5866b13cb1810c6d03,59,4.383333333333334,8.333333333333332,6.666666666666667,59,10.208053005335843,-11.559546257062147,3.389830508474576
c70c1b0d8ca86052f45a432a38b73958,261,4.3014925373134325,11.343283582089553,9.55223880597015,260,8.079231837606837,-8.241093616452991,8.461538461538462
c826c40d7b19f62a09e2d7c5e7295ee2,354,4.0431266846361185,16.711590296495956,15.633423180592992,346,13.295209002354957,-9.134863017822736,9.53757225433526
c864036feaab8c1659f65ea4faebe1da,58,4.568965517241379,5.172413793103448,5.172413793103448,58,12.280721982758621,-12.6506561302682,3.4482758620689653
c8b0e2b0a7095e5d8219575d5e7e1181,84,4.0476190476190474,15.476190476190476,14.285714285714285,84,10.15878403328924,-10.098314043209877,7.142857142857142
c9c7905cffc4ef9ff9f113554423e671,127,4.164285714285715,10.714285714285714,9.285714285714286,127,11.093948035141441,-9.427629775444736,10.236220472440944
ca3bd7cd9f149df75950150d010fe4a2,71,3.7246376811594204,21.73913043478261,18.84057971014493,68,13.584718137254903,-15.839682734204795,4.411764705882353
cab85505710c7cb9b720bceb52b01cee,206,4.285714285714286,7.6190476190476195,4.761904761904762,201,10.137057593974571,-15.015998307075733,2.4875621890547266
cac4c8e7b1ca6252d8f20b2fc1a2e4af,75,3.5180722891566263,28.915662650602407,26.506024096385545,74,18.222758696196195,-6.078219156656657,22.972972972972975
cb3dd9ce66268c7a3ca7241ac70ab58c,50,4.2,12.727272727272727,9.090909090909092,48,14.009482060185185,-12.40662639853395,6.25
cb8bcce248bb1fb274ba762d8b971456,68,4.260869565217392,7.246376811594203,5.797101449275362,66,12.631106551627385,-11.30250929433221,1.5151515151515151
cbd996ad3c1b7dc71fd0e5f5df9087e2,165,4.081081081081081,14.054054054054054,10.81081081081081,160,12.850710575810186,-10.2364140625,8.75
cc419e0650a3c5ba77189a1882b7556a,1706,4.0695748205411375,15.019326339039205,11.871893981225842,1651,11.586278377863023,-12.288448485205375,6.1175045427013925
cc63f0dd2acba93ffed4fe9f8e0321fa,55,4.0476190476190474,9.523809523809524,3.1746031746031744,55,8.998671506734008,-11.139743265993266,0.0
cca3071e3e9bb7d12640c9fbe2301306,712,3.851985559566787,19.855595667870034,14.681107099879661,699,14.158784606315901,-14.196409636120382,5.865522174535051
ccc4bbb5f32a6ab2b7066a4130f114e3,187,4.282722513089006,11.518324607329843,8.37696335078534,184,15.867033640297906,-16.237601587661032,7.608695652173914
cce6ab8d1682639fe45ab70234f1665f,63,4.4393939393939394,7.575757575757576,6.0606060606060606,61,15.35970267911354,-13.055296372191865,4.918032786885246
cd68562d3f44870c08922d380acae552,125,3.8396946564885495,21.374045801526716,17.557251908396946,122,16.261454823163326,-7.473653992106861,18.0327868852459
ce248b21cb2adc36282ede306b7660e5,65,4.208955223880597,13.432835820895523,11.940298507462686,64,15.71954517505787,-9.77272044994213,10.9375
ce27a3cc3c8cc1ea79d11e561e9bebb6,135,3.8652482269503547,20.56737588652482,15.602836879432624,122,10.19712668867638,-11.705801646933818,2.459016393442623
ce7d1888639e6fb06b2749cbfdac1ff7,78,4.107142857142857,19.047619047619047,11.904761904761903,78,14.550741185897436,-11.469869420702754,8.974358974358974
ceaec5548eefc6e23e6607c5435102e7,203,4.14975845410628,12.077294685990339,10.144927536231885,198,13.014988075196408,-14.451661347268987,6.0606060606060606
cfb1a033743668a192316f3c6d1d2671,147,3.9308510638297873,19.680851063829788,15.957446808510639,143,12.206511104636105,-10.561074122636622,11.888111888111888
d05ae8f7a5bd1d2a690a44cd079e4e27,78,3.7875,23.75,18.75,77,11.333823352573352,-10.559751833814333,9.090909090909092
d12c926d74ceff0a90a21184466ce161,78,4.089108910891089,14.85148514851485,13.861386138613863,76,8.724073617202729,-13.98996055677388,1.3157894736842104
d13e50eaa47b4cbe9eb81465865d8cfc,67,4.811594202898551,2.898550724637681,2.898550724637681,66,5.039004454264871,-3.836210542929293,21.21212121212121
d1c281d3ae149232351cd8c8cc885f0d,215,3.8137651821862346,22.267206477732792,17.00404858299595,214,12.687229415455175,-10.808744537469712,8.878504672897195
d20b021d3efdf267a402c402a48ea64b,90,3.650943396226415,24.528301886792452,18.867924528301888,86,16.99066308677864,-5.016931389965547,17.441860465116278
d2374cbcbb3ca4ab1086534108cc3ab7,524,3.6363636363636362,24.499229583975346,18.64406779661017,514,14.613258034298891,-14.128170913496183,5.836575875486381
d50d79cb34e38265a8649c383dcffd48,70,4.246376811594203,8.695652173913043,4.3478260869565215,70,13.15979861111111,-12.653352347883597,7.142857142857142
d566c37fa119d5e66c4e9052e83ee4ea,65,4.71830985915493,2.8169014084507045,2.8169014084507045,65,5.812535968660968,-10.158475961538462,3.076923076923077
d57e18d5f73c7ccb7f7339b61166898d,61,4.444444444444445,7.936507936507936,4.761904761904762,61,9.213413213418336,-10.69085211748634,3.278688524590164
d650b663c3b5f6fb392b6326366efa9a,60,4.2,11.666666666666666,8.333333333333332,57,9.836265432098765,-10.886111923326835,7.017543859649122
d673a59aac7a70d8b01e6902bf090a11,79,3.976470588235294,14.117647058823529,11.76470588235294,79,14.116783725972807,-11.328906762775434,10.126582278481013
d6b1ce66b035a475f00c017792ff9769,92,4.165048543689321,12.62135922330097,6.796116504854369,92,10.21028507447665,-11.824048787238326,6.521739130434782
d91fb3b7d041e83b64a00a3edfb37e4f,535,4.098039215686274,14.616755793226382,11.76470588235294,524,11.27949595349166,-11.966925272123268,6.297709923664121
d921b68bf747894be13a97ae52b0f386,77,4.558441558441558,5.194805194805195,3.896103896103896,77,9.97529761904762,-15.349977603415104,1.2987012987012987
d94a40fd42351c259927028d163af842,101,4.102803738317757,13.084112149532709,9.345794392523365,100,13.938378356481483,-13.000757870370371,4.0
d98eec89afa3380e14463da2aabaea72,168,4.2896174863387975,9.289617486338798,8.19672131147541,168,8.557804026124339,-17.54007888282628,2.380952380952381
d9a84e1403de8da0c3aa531d6d108ba6,54,4.559322033898305,6.779661016949152,5.084745762711865,53,7.519655616701606,-9.606595475192174,5.660377358490567
d9bd94811c3338dceb4181f3dbc0c73e,54,4.819672131147541,3.278688524590164,1.639344262295082,54,8.041346021947874,-7.258045267489712,11.11111111111111
da8622b14eb17ae2831f4ac5b9dab84a,1314,4.071428571428571,14.987244897959185,11.28826530612245,1311,11.18655480160748,-10.272546481693364,7.627765064836003
db4350fd57ae30082dec7acbaacc17f9,137,4.124137931034483,13.10344827586207,12.413793103448276,136,10.788565410539217,-15.131163449754903,3.6764705882352944
dbb9b48c841a0e39e21f98e1a6b2ec3e,108,4.203389830508475,12.711864406779661,10.16949152542373,108,9.817175925925927,-11.234537144204388,3.7037037037037033
dbc22125167c298ef99da25668e1011f,406,4.226107226107226,10.023310023310025,7.459207459207459,394,11.481770892084977,-12.96027513395375,2.5380710659898478
dbd66278cbfe1aa1000f90a217ca4695,85,4.454545454545454,3.0303030303030303,3.0303030303030303,85,9.212389025054467,-11.583589052287582,5.88235294117647
dc317f341ab0e22f39acbd9dbf9b4a1f,55,4.120689655172414,17.24137931034483,17.24137931034483,55,12.409295244107744,-14.249487373737374,5.454545454545454
dc4a0fc896dc34b0d5bfec8438291c80,231,3.744186046511628,22.093023255813954,15.891472868217054,225,13.888684567901235,-10.72633209876543,6.666666666666667
dd2bdf855a9172734fbc3744021ae9b9,108,3.7962962962962963,19.444444444444446,13.88888888888889,105,15.350510802469136,-22.319310846560846,5.714285714285714
dd7ddc04e1b6c2c614352b383efe2d36,122,3.76056338028169,20.422535211267608,15.492957746478872,121,15.020833237679827,-7.14088489057239,15.702479338842975
de23c3b98a88888289c6f5cc1209054a,164,4.281767955801105,11.049723756906078,8.83977900552486,161,10.952872455141478,-9.68055843110191,9.937888198757763
de722cd6dad950a92b7d4f82673f8833,339,4.159151193633952,12.9973474801061,10.875331564986737,337,12.683839295526981,-14.79758840257171,4.451038575667656
dee656f0f566ed1aa85bd137c943f08f,93,4.382978723404255,7.446808510638298,6.382978723404255,92,12.59528004227053,-13.422530444847022,5.434782608695652
dfa0c4c6229ab200a4a1336b4d7128ff,77,4.011627906976744,18.6046511627907,15.11627906976744,77,9.787441528379029,-14.189157497594998,3.896103896103896
e067ad2c1c0b48758eb1b5228bcf7a68,54,4.131147540983607,11.475409836065573,9.836065573770492,54,14.98370820473251,-10.08234246399177,9.25925925925926
e24fc9fcd865784fb25705606fe3dfe7,52,4.196428571428571,10.714285714285714,3.571428571428571,51,12.578922476397967,-13.115789987291212,7.8431372549019605
e26901d5ab434ce92fd9b5c256820a4e,202,4.0588235294117645,14.027149321266968,10.85972850678733,197,9.289251269035534,-12.869359665820642,2.5380710659898478
e333046ce6517bd8bb510291d44f0130,68,4.391891891891892,8.108108108108109,6.756756756756757,68,10.158788807189541,-12.715099911492374,5.88235294117647
e59aa562b9f8076dd550fcddf0e73491,70,4.25,10.714285714285714,9.523809523809524,69,14.033286533816424,-11.124612687869028,10.144927536231885
e5a3438891c0bfdb9394643f95273d8e,224,3.8149606299212597,22.440944881889763,18.89763779527559,216,15.663077578446503,-5.830280296210562,18.51851851851852
e5a38146df062edaf55c38afa99e42dc,121,3.9523809523809526,17.46031746031746,13.492063492063492,120,12.190817033179012,-9.917421392746913,9.166666666666666
e62b2d6ac10570a035a30bafcf01d263,62,3.8333333333333335,19.696969696969695,12.121212121212121,62,14.06886854091995,-8.718520011947431,12.903225806451612
e882b2a25a10b9c057cc49695f222c19,57,4.6,5.0,1.6666666666666667,57,9.549082399285249,-18.457711785250165,0.0
e8b3a3a38279a82f0e5d006d5e5b7d2c,87,3.7419354838709675,23.655913978494624,21.50537634408602,80,17.3070546875,-17.87005324074074,5.0
e9779976487b77c6d4ac45f75ec7afe9,657,4.167336010709505,12.985274431057563,10.843373493975903,645,9.856124156617858,-9.307258756818834,7.286821705426356
e9bc59e7b60fc3063eb2290deda4cced,216,3.9442379182156135,18.587360594795538,15.985130111524162,209,14.27116610180755,-13.736596225412015,11.004784688995215
e9d99831abad74458942f21e16f33f92,130,3.9054054054054053,16.216216216216218,14.18918918918919,130,12.873267984330484,-8.820818554131055,10.76923076923077
ea566164622c6b439516ab18062c42cd,50,3.75,25.0,17.307692307692307,50,14.027645138888888,-7.391325925925925,22.0
ea8482cd71df3c1969d7b9473ff13abc,1146,3.953216374269006,16.62489557226399,12.447786131996658,1132,13.323272651240021,-9.236483669513152,10.424028268551238
ebd2d60905fb58271facef5596b620d3,84,4.125,12.5,12.5,82,12.992299712059621,-10.778463753387534,3.6585365853658534
ececbfcff9804a2d6b40f589df8eef2b,98,4.123809523809523,13.333333333333334,7.6190476190476195,97,13.180852305269186,-10.652148959526539,10.309278350515463
edb1ef5e36e0c8cd84eb3c9b003e486d,166,4.434285714285714,8.0,6.2857142857142865,165,11.897481130751965,-12.80007519640853,7.878787878787878
eeb6de78f79159600292e314a77cbd18,83,4.428571428571429,5.952380952380952,4.761904761904762,82,12.164498786133695,-16.251462144308945,3.6585365853658534
ef0ace09169ac090589d85746e3e036f,129,4.340425531914893,9.929078014184398,7.092198581560284,128,12.821328848379629,-10.608573585792824,8.59375
ef506c96320abeedfb894c34db06f478,324,3.9020771513353116,17.804154302670625,12.462908011869436,316,13.462722178270042,-10.427146111697141,8.544303797468354
f0b47fbbc6dee9aafe415a6e33051b3f,68,4.232558139534884,13.953488372093023,10.465116279069768,67,10.125389372581537,-11.534861283858485,10.44776119402985
f214d28e8d8e3ef068748498ccc2f813,54,4.017241379310345,17.24137931034483,13.793103448275861,52,10.428257211538462,-11.973968571937322,7.6923076923076925
f262cbc1c910c83959f849465454ddd3,192,4.086956521739131,16.425120772946862,11.11111111111111,189,9.112147143836959,-9.017686716147365,9.523809523809524
f27e33c6d29b5138fa9967bcd445b6d5,93,4.091836734693878,16.3265306122449,10.204081632653061,93,12.069667587614497,-9.608998282556751,10.75268817204301
f3b80352b986ab4d1057a4b724be19d0,87,4.130434782608695,11.956521739130435,8.695652173913043,86,10.455703461455641,-12.433717834840655,0.0
f3da5b2ff499efb8d4a6d371d175d7dd,79,3.8333333333333335,19.047619047619047,16.666666666666664,77,11.518876713564214,-7.259602272727273,14.285714285714285
f45122a9ab94eb4f3f8953578bc0c560,187,3.91,19.5,15.5,184,12.76063166767311,-9.650100392512076,7.608695652173914
f457c46070d02cadd8a68551231220dd,199,3.7875,22.916666666666664,16.25,195,14.550147673314338,-11.47884217711301,6.153846153846154
f46490624488d3ff7ce78613913a7711,83,3.4615384615384617,31.868131868131865,29.67032967032967,80,10.25233666087963,-8.122246961805555,12.5
f4aba7c0bca51484c30ab7bdc34bcdd1,110,3.8956521739130436,17.391304347826086,9.565217391304348,108,10.979156057098765,-15.10216049382716,6.481481481481481
f5a590cf36251cf1162ea35bef76fe84,117,4.237704918032787,12.295081967213115,10.655737704918032,113,11.744838270239265,-10.34617922402491,10.619469026548673
f7720c4fa8e3aba4546301ab80ea1f1b,60,4.189873417721519,6.329113924050633,6.329113924050633,59,10.994347143753924,-13.326857933145009,5.084745762711865
f7ba60f8c3f99e7ee4042fdef03b70c4,219,4.211206896551724,10.775862068965516,9.051724137931034,218,13.405899857713218,-8.35022266819572,15.59633027522936
f7ccf836d21b2fb1de37564105216cc1,70,3.8194444444444446,20.833333333333336,20.833333333333336,69,11.2115329777241,-8.315124463231347,10.144927536231885
f80edd2c5aaa505cc4b0a3b219abf4b8,119,4.078740157480315,15.748031496062993,12.598425196850393,116,12.073216395274585,-11.63268608317369,5.172413793103448
f84a00e60c73a49e7e851c9bdca3a5bb,90,3.6666666666666665,26.262626262626267,20.2020202020202,88,11.796352719907407,-9.718788799452861,11.363636363636363
f84fa566034f5e8e880a07ec624c56af,91,4.2745098039215685,11.76470588235294,9.803921568627452,89,11.963886418019142,-6.836102267998335,13.48314606741573
f8db351d8c4c4c22c6835c19a46f01b0,667,4.218836565096953,10.664819944598337,7.894736842105263,659,9.865957662423424,-11.265138221491599,5.159332321699544
fa1a9dec3a9940c072684a46728bf1fc,55,3.983050847457627,16.94915254237288,13.559322033898304,55,14.294422348484849,-14.827451809764309,0.0
fa1c13f2614d7b5c4749cbc52fecda94,585,4.34020618556701,10.481099656357388,8.59106529209622,578,13.354636117518904,-9.618409986543638,10.207612456747404
fa40cc5b934574b62717c68f3d678b6d,307,4.430678466076696,8.55457227138643,5.899705014749262,304,11.312839836135478,-10.506344077424464,6.25
fc906263ca5083d09dce42fe02247800,114,4.358333333333333,10.833333333333334,4.166666666666666,112,9.399892836474868,-14.154447751322751,0.0
fcb5ace8bcc92f75707dc0f01a27d269,62,3.808219178082192,17.80821917808219,13.698630136986301,59,10.595384690834903,-8.651538567168863,3.389830508474576
fd386aa7bed2af3c7035c65506c9b4a3,69,4.355263157894737,14.473684210526317,7.894736842105263,69,8.562201590177134,-9.335444847020934,10.144927536231885
fe2032dab1a61af8794248c8196565c9,294,4.3841059602649,9.602649006622517,7.28476821192053,293,10.766724813550752,-10.265033576665402,8.873720136518772
febab0275244b9a49a623f0bd613ca2f,109,4.263565891472868,13.178294573643413,6.976744186046512,106,8.647835975716282,-10.96225148497554,4.716981132075472
ff063b022a9a0aab91bad2c9088760b7,94,4.28421052631579,9.473684210526317,5.263157894736842,94,9.388406348502759,-11.187730988967692,3.1914893617021276
fffd5413c0700ac820c7069d66d98c89,60,3.8666666666666667,21.666666666666668,18.333333333333332,57,13.792657569850553,-10.534571150097467,14.035087719298245
